system_name,data_product_id
data_quality_command_center,DP-001
data_quality_command_center,DP-002
data_quality_command_center,DP-003
data_quality_command_center,DP-004
data_quality_command_center,DP-005
data_quality_command_center,DP-006
data_quality_command_center,DP-007
data_quality_command_center,DP-008
data_quality_command_center,DP-009
data_quality_command_center,DP-010
data_quality_command_center,DP-011
data_quality_command_center,DP-012
enterprise_rag_evaluation_lab,DP-001
enterprise_rag_evaluation_lab,DP-002
enterprise_rag_evaluation_lab,DP-003
enterprise_rag_evaluation_lab,DP-004
enterprise_rag_evaluation_lab,DP-005
enterprise_rag_evaluation_lab,DP-006
enterprise_rag_evaluation_lab,DP-007
enterprise_rag_evaluation_lab,DP-008
enterprise_rag_evaluation_lab,DP-009
enterprise_rag_evaluation_lab,DP-010
enterprise_rag_evaluation_lab,DP-011
enterprise_rag_evaluation_lab,DP-012
payments_fraud_feature_store_mlops,DP-001
payments_fraud_feature_store_mlops,DP-002
payments_fraud_feature_store_mlops,DP-003
payments_fraud_feature_store_mlops,DP-004
payments_fraud_feature_store_mlops,DP-005
payments_fraud_feature_store_mlops,DP-006
payments_fraud_feature_store_mlops,DP-007
payments_fraud_feature_store_mlops,DP-008
payments_fraud_feature_store_mlops,DP-009
payments_fraud_feature_store_mlops,DP-010
payments_fraud_feature_store_mlops,DP-011
payments_fraud_feature_store_mlops,DP-012
pipeline_reliability_incident_lab,DP-001
pipeline_reliability_incident_lab,DP-002
pipeline_reliability_incident_lab,DP-003
pipeline_reliability_incident_lab,DP-004
pipeline_reliability_incident_lab,DP-005
pipeline_reliability_incident_lab,DP-006
pipeline_reliability_incident_lab,DP-007
pipeline_reliability_incident_lab,DP-008
pipeline_reliability_incident_lab,DP-009
pipeline_reliability_incident_lab,DP-010
pipeline_reliability_incident_lab,DP-011
pipeline_reliability_incident_lab,DP-012
semantic_metrics_trust_layer,DP-001
semantic_metrics_trust_layer,DP-002
semantic_metrics_trust_layer,DP-003
semantic_metrics_trust_layer,DP-004
semantic_metrics_trust_layer,DP-005
semantic_metrics_trust_layer,DP-006
semantic_metrics_trust_layer,DP-007
semantic_metrics_trust_layer,DP-008
semantic_metrics_trust_layer,DP-009
semantic_metrics_trust_layer,DP-010
semantic_metrics_trust_layer,DP-011
semantic_metrics_trust_layer,DP-012
ai_data_governance_gateway,DP-001
ai_data_governance_gateway,DP-002
ai_data_governance_gateway,DP-003
ai_data_governance_gateway,DP-004
ai_data_governance_gateway,DP-005
ai_data_governance_gateway,DP-006
ai_data_governance_gateway,DP-007
ai_data_governance_gateway,DP-008
ai_data_governance_gateway,DP-009
ai_data_governance_gateway,DP-010
ai_data_governance_gateway,DP-011
ai_data_governance_gateway,DP-012
